timestamp,book,chapter,verse,info
2025-07-13T19:27:15,Genesis,1,1,"1. Summary: This verse marks the beginning of the Bible and introduces the central character, God, as the creator of the universe. The verse establishes the theme of God's sovereignty and power over all creation.

2. Definitions:
- ""Beginning"": The initial starting point or origin.
- ""Created"": To bring something into existence, to make something out of nothing.

3. Hebrew Words:
- ""In the beginning"" is translated from the Hebrew word ""bereshit"" (בְּרֵאשִׁית).
- ""God"" is translated from the Hebrew word ""Elohim"" (אֱלֹהִים), which is a plural form of ""El"" or ""Eloah,"" meaning ""mighty one"" or ""deity.""
- ""Created"" is translated from the Hebrew word ""bara"" (בָּרָא), which means to create or shape something new.
- ""Heaven"" is translated from the Hebrew word ""shamayim"" (שָׁמַיִם), referring to the sky or the celestial realm.
- ""Earth"" is translated from the Hebrew word ""eretz"" (אֶרֶץ), meaning the land or the physical world."
2025-07-13T19:27:30,Genesis,1,2,"1. Summary of words and themes:
This verse describes the initial state of the earth before God's creative acts. The main themes include the formless and empty state of the earth, the presence of darkness, and the Spirit of God hovering over the waters.

2. Definition of uncommon words:
- ""without form"" (Hebrew: תֹהוּ, tohu): This term refers to a state of chaos, emptiness, or confusion.
- ""void"" (Hebrew: בֹהוּ, bohu): This word describes an empty or vacant state.
- ""darkness"" (Hebrew: חֹשֶׁךְ, choshek): This term refers to the absence of light.
- ""deep"" (Hebrew: תְּהוֹם, tehom): This word denotes the primeval ocean or abyss, often associated with chaos in ancient Near Eastern literature.
- ""Spirit of God"" (Hebrew: רוּחַ אֱלֹהִים, ruach Elohim): This phrase refers to the active presence and power of God, often associated with creation and life-giving energy.

3. Hebrew words:
- תֹהוּ (tohu): ""without form""
- בֹהוּ (bohu): ""void""
- חֹשֶׁךְ (choshek): ""darkness""
- תְּהוֹם (tehom): ""deep""
- רוּחַ אֱלֹהִים (ruach Elohim): ""Spirit of God"""
2025-07-13T19:52:20,Genesis,1,1,"""In the beginning God created the heaven and the earth."" These opening words of Scripture are deceptively simple, yet they contain profound truths about God, the universe, and our place within it.

The phrase ""In the beginning"" (Hebrew: בְּרֵאשִׁית, bereshit) echoes throughout the Bible, signifying not just a temporal starting point but the very foundation of reality. It tells us that before time and space, before the material world, there was God—the eternal, self-existent One.

""God created"" (Hebrew: בָּרָא, bara) emphasizes that the universe is not an accident or the result of blind chance but the purposeful work of a personal Creator. This verb is used exclusively for divine creation, setting it apart from human craftsmanship or natural processes.

""The heaven and the earth"" is a merism, a literary device that uses two opposites to encompass everything in between. It's a poetic way of saying that God created the entire universe, from the highest heavens to the depths of the earth and all that lies between.

Theologically, this verse establishes several key themes that will unfold throughout Scripture:

1. God's sovereignty: As Creator, God has absolute authority over all creation. 
2. The goodness of creation: The universe is not inherently evil but the good handiwork of a loving God.
3. Humanity's place in the cosmos: Though not explicitly mentioned, this verse sets the stage for humanity's special role as the image-bearers of God.

This opening verse invites us to marvel at the power, wisdom, and goodness of our Creator and to find our identity and purpose in relationship with Him. It's a verse worth pondering deeply, for in it we catch a glimpse of the very heart of reality."
2025-07-13T19:52:35,Genesis,1,2,"As we delve into the rich tapestry of Genesis 1:2, we encounter a verse that is both poetic and profound, setting the stage for the grand drama of creation that unfolds in the opening chapters of the Bible. This verse presents a striking image of the world before God's creative work began in earnest—a world that was ""without form and void,"" a phrase that echoes with a sense of chaos and emptiness. 

The Hebrew phrase here, ""tohu wabohu,"" carries with it a sense of desolation and confusion. It's a vivid portrayal of the earth as not just unformed, but in a state of chaos, waiting for the ordering hand of God to bring structure and meaning. This imagery invites us to reflect on the themes of chaos and order, emptiness and fullness, darkness and light—themes that resonate throughout the Biblical narrative and human experience.

The verse continues with a powerful image of the Spirit of God moving over the face of the waters. The Hebrew word for Spirit here is ""ruach,"" which can also mean wind or breath. This suggests a gentle, nurturing presence, the very breath of God hovering over the chaotic waters, ready to bring life and order. It's a beautiful depiction of the intimate involvement of God in creation, a theme that underscores the biblical understanding of a God who is not distant but deeply engaged with his creation.

The mention of darkness ""upon the face of the deep"" adds another layer to this evocative scene. The deep (in Hebrew, ""tehom"") represents the primordial waters, often associated in ancient Near Eastern cultures with chaos and disorder. Yet, in this verse, these dark, chaotic waters are not something to fear—they are the very canvas upon which God is about to paint his masterpiece. It's a reminder that God's creative power can bring light and life even to the darkest and most chaotic situations.

In reflecting on this verse, we're invited to ponder the ways in which God brings order and beauty out of the chaos in our own lives. Just as the Spirit of God moved over the face of the waters, bringing forth light and life, so too does God's Spirit move in our lives, guiding us from chaos to order, from darkness to light. It's a message of hope and transformation, a testament to the creative and redemptive power of God that resonates from the very beginning of Scripture."
